,item_description,price,date_listed,description_upper,matched_description,score
0,"36"" Thermador gas cooktop",$250,Mar 21,    THERMADOR GAS COOKTOP, GAS APPLIANCE    ,86
1,Standing fan,$20,Mar 21,STANDING FAN, BOX FAN    ,86
2,Samsung Gas Dryer,$200,Mar 22,SAMSUNG GAS DRYER, FUTON DRYER    ,86
4,Talking Microwave - Hamilton Beach 0.9 cu ft - Stainless,$50,Apr  5,TALKING MICROWAVE   HAMILTON BEACH     CU FT   STAINLESS, MICROWAVE OVEN    ,86
5,Mr Coffee COFFEE MAKER,$30,Apr  5,MR COFFEE COFFEE MAKER, COFFEE GRINDER    ,86
6,Like New Whirlpool Stainless Refrigerator,$499,Apr  9,LIKE NEW WHIRLPOOL STAINLESS REFRIGERATOR, REFRIGERATOR     ,90
9,25' Walk in Cooler 9 Doors,$4000,Mar 12,    WALK IN COOLER   DOORS, COOLER     ,90
10,Viking Refrigerator/Freezer 42inch,$2995,Mar 14,VIKING REFRIGERATOR FREEZER   INCH, FREEZER     ,90
12,Sub Zero 424 Wine Cooler.,$1995,Mar 14,SUB ZERO     WINE COOLER , COOLER     ,90
14,"Whirlpool refrigerator, cooktop and dishwasher",$350,Mar  4,WHIRLPOOL REFRIGERATOR  COOKTOP AND DISHWASHER, DISHWASHER     ,90
15,"Instant pot duo nova 7, ninja blender, kitchen set, doll house...",$0,Mar  8,INSTANT POT DUO NOVA    NINJA BLENDER  KITCHEN SET  DOLL HOUSE   , KARAOKE SET    ,86
17,"Wolf 36""  Vent-hood 900 cfm",$900,Apr  7,WOLF      VENT HOOD     CFM, EXHAUST HOOD    ,86
18,GREAT DEAL: Vinotemp Dual Zone Wine Cooler 140 Bottles VT-140TS Black,$799,Mar 17,GREAT DEAL  VINOTEMP DUAL ZONE WINE COOLER     BOTTLES VT    TS BLACK, EVAPORATIVE COOLER    ,86
20,Commercial Deep Fryer,$400,Apr 10,COMMERCIAL DEEP FRYER, DEEP FRYER    ,90
21,BLACK+DECKER Electric Garden Cultivator,$55,Apr 12,BLACK DECKER ELECTRIC GARDEN CULTIVATOR, ELECTRIC COOKER    ,86
22,[Black & Decker] Toaster-Oven,$35,Apr 13, BLACK   DECKER  TOASTER OVEN, OVEN     ,90
25,"Keurig K-Cafe Special Edition Coffee Maker, Single Serve K-Cup",$160,Mar 13,KEURIG K CAFE SPECIAL EDITION COFFEE MAKER  SINGLE SERVE K CUP, COFFEE GRINDER    ,86
26,TFAL DEEP FRYER,$50,Apr 10,TFAL DEEP FRYER, DEEP FRYER    ,90
28,Sub Zero 424  Wine Cooler warranty,$1995,Mar 14,SUB ZERO      WINE COOLER WARRANTY, COOLER     ,90
29,Sub Zero 424  Wine Cooler warranty,$1995,Mar 14,SUB ZERO      WINE COOLER WARRANTY, COOLER     ,90
30,SubZero 430 Wine Cooler.,$3295,Mar 17,SUBZERO     WINE COOLER , COOLER     ,90
32,Modern Rectangular Swivel Center Table - New,$275,Mar  6,MODERN RECTANGULAR SWIVEL CENTER TABLE   NEW, TABLE LAMP    ,86
33,üî•üî• New Center Table üî•üî•,$1,Mar  6,   NEW CENTER TABLE   , TABLE LAMP    ,86
34,"EPIC Air Conditioning: Repairs, Servicing, AC Installs, UV Lights",$300,Mar 19,EPIC AIR CONDITIONING  REPAIRS  SERVICING  AC INSTALLS  UV LIGHTS, AIR CONDITIONER    ,86
35,"EPIC Air Conditioning: Repairs, Servicing, AC Installs, UV Lights",$300,Mar 20,EPIC AIR CONDITIONING  REPAIRS  SERVICING  AC INSTALLS  UV LIGHTS, AIR CONDITIONER    ,86
36,"EPIC Air Conditioning: Repairs, Servicing, AC Installs, UV Lights",$300,Mar 21,EPIC AIR CONDITIONING  REPAIRS  SERVICING  AC INSTALLS  UV LIGHTS, AIR CONDITIONER    ,86
37,"EPIC Air Conditioning: Repairs, Servicing, AC Installs, UV Lights",$300,Mar 22,EPIC AIR CONDITIONING  REPAIRS  SERVICING  AC INSTALLS  UV LIGHTS, AIR CONDITIONER    ,86
38,"EPIC Air Conditioning: Repairs, Servicing, AC Installs, UV Lights",$300,Mar 23,EPIC AIR CONDITIONING  REPAIRS  SERVICING  AC INSTALLS  UV LIGHTS, AIR CONDITIONER    ,86
39,"EPIC Air Conditioning: Repairs, Servicing, AC Installs, UV Lights",$300,Mar 27,EPIC AIR CONDITIONING  REPAIRS  SERVICING  AC INSTALLS  UV LIGHTS, AIR CONDITIONER    ,86
40,"EPIC Air Conditioning: Repairs, Servicing, AC Installs, UV Lights",$300,Mar 29,EPIC AIR CONDITIONING  REPAIRS  SERVICING  AC INSTALLS  UV LIGHTS, AIR CONDITIONER    ,86
41,"EPIC Air Conditioning: Repairs, Servicing, AC Installs, UV Lights",$300,Mar 31,EPIC AIR CONDITIONING  REPAIRS  SERVICING  AC INSTALLS  UV LIGHTS, AIR CONDITIONER    ,86
42,"EPIC Air Conditioning: Repairs, Servicing, AC Installs, UV Lights",$300,Apr  1,EPIC AIR CONDITIONING  REPAIRS  SERVICING  AC INSTALLS  UV LIGHTS, AIR CONDITIONER    ,86
43,"EPIC Air Conditioning: Repairs, Servicing, AC Installs, UV Lights",$300,Apr  3,EPIC AIR CONDITIONING  REPAIRS  SERVICING  AC INSTALLS  UV LIGHTS, AIR CONDITIONER    ,86
44,"EPIC Air Conditioning: Repairs, Servicing, AC Installs, UV Lights",$300,Apr  6,EPIC AIR CONDITIONING  REPAIRS  SERVICING  AC INSTALLS  UV LIGHTS, AIR CONDITIONER    ,86
45,"EPIC Air Conditioning: Repairs, Servicing, AC Installs, UV Lights",$300,Apr  7,EPIC AIR CONDITIONING  REPAIRS  SERVICING  AC INSTALLS  UV LIGHTS, AIR CONDITIONER    ,86
46,"EPIC Air Conditioning: Repairs, Servicing, AC Installs, UV Lights",$300,Apr  8,EPIC AIR CONDITIONING  REPAIRS  SERVICING  AC INSTALLS  UV LIGHTS, AIR CONDITIONER    ,86
47,"EPIC Air Conditioning: Repairs, Servicing, AC Installs, UV Lights",$300,Apr 11,EPIC AIR CONDITIONING  REPAIRS  SERVICING  AC INSTALLS  UV LIGHTS, AIR CONDITIONER    ,86
48,"EPIC Air Conditioning: Repairs, Servicing, AC Installs, UV Lights",$300,Apr 12,EPIC AIR CONDITIONING  REPAIRS  SERVICING  AC INSTALLS  UV LIGHTS, AIR CONDITIONER    ,86
49,"EPIC Air Conditioning: Repairs, Servicing, AC Installs, UV Lights",$300,Apr 14,EPIC AIR CONDITIONING  REPAIRS  SERVICING  AC INSTALLS  UV LIGHTS, AIR CONDITIONER    ,86
50,Whirlpool Gas Dryer,$350,Mar 30,WHIRLPOOL GAS DRYER, FUTON DRYER    ,86
51,"Whirlpool - 24"" Built-In Dishwasher - Stainless steel",$50,Mar 24,WHIRLPOOL       BUILT IN DISHWASHER   STAINLESS STEEL, DISHWASHER     ,90
52,Brand new KitchenAid panel ready dishwasher never used,$440,Mar 18,BRAND NEW KITCHENAID PANEL READY DISHWASHER NEVER USED, DISHWASHER     ,90
54,Kenmore stackable washer and dryer set electric,$480,Apr 13,KENMORE STACKABLE WASHER AND DRYER SET ELECTRIC, CLOTHES DRYER    ,86
55,Moen Garbage Disposal NEW,$50,Mar 31,MOEN GARBAGE DISPOSAL NEW, GARBAGE DISPOSAL UNIT   ,82
56,Amana Microwave,$15,Mar 17,AMANA MICROWAVE, MICROWAVE OVEN    ,74
58,Microwave Oven,$150,Mar  6,MICROWAVE OVEN, MICROWAVE OVEN    ,100
59,"Single door black 25 5/8"" merchandiser refrigerator",$200,Mar  6,SINGLE DOOR BLACK         MERCHANDISER REFRIGERATOR, REFRIGERATOR     ,90
60,Double Sliding Door Merchandiser Refrigerator,$300,Mar  6,DOUBLE SLIDING DOOR MERCHANDISER REFRIGERATOR, REFRIGERATOR     ,90
61,Cuisineart toaster oven,$35,Mar 17,CUISINEART TOASTER OVEN, OVEN     ,90
62,Margarita Girl Single Mini Margarita Slush Frozen Drink Machine,$499,Mar 22,MARGARITA GIRL SINGLE MINI MARGARITA SLUSH FROZEN DRINK MACHINE, SEWING MACHINE    ,86
63,Margarita Girl Double Mini Margarita Slush Frozen Drink Machine,$799,Mar 22,MARGARITA GIRL DOUBLE MINI MARGARITA SLUSH FROZEN DRINK MACHINE, SEWING MACHINE    ,86
65,Capresso EC100 Pump Espresso and Cappuccino Machine,$75,Mar  8,CAPRESSO EC    PUMP ESPRESSO AND CAPPUCCINO MACHINE, SEWING MACHINE    ,86
68,Bread maker Breadman Ultimate Plus,$0,Mar 30,BREAD MAKER BREADMAN ULTIMATE PLUS, PASTA MAKER    ,86
69,Washer,$50,Mar 28,WASHER, COMBO WASHER DRYER   ,90
70,4 ton a/c compressor and fan,$550,Apr 12,  TON A C COMPRESSOR AND FAN, ATTIC FAN    ,86
71,"33"" FARMHOUSE SINGLE BOWL STAINLESS STEEL SINK",$200,Mar 26,    FARMHOUSE SINGLE BOWL STAINLESS STEEL SINK, SEPARATE SINK SPRAY   ,86
72,"33"" FARMHOUSE SINGLE BOWL STAINLESS STEEL SINK",$200,Apr  2,    FARMHOUSE SINGLE BOWL STAINLESS STEEL SINK, SEPARATE SINK SPRAY   ,86
74,LG 7.3 Gas Dryer w/Steam Dry in Red,$480,Mar 10,LG     GAS DRYER W STEAM DRY IN RED, CLOTHES DRYER    ,86
75,Frigidaire Gallery 52 Wine Bottle Cooler in Stainless-Still in Box,$399,Mar 12,FRIGIDAIRE GALLERY    WINE BOTTLE COOLER IN STAINLESS STILL IN BOX, BOX MANGLE    ,86
76,"Frigidaire Gallery 36"" Gas Cooktop-Scratch & Dent in Stainless Steel",$640,Mar 12,FRIGIDAIRE GALLERY     GAS COOKTOP SCRATCH   DENT IN STAINLESS STEEL, GAS APPLIANCE    ,86
77,Frigidaire 1.6 OTR Microwave in Black,$190,Mar 12,FRIGIDAIRE     OTR MICROWAVE IN BLACK, MICROWAVE OVEN    ,86
78,Frigidaire Gallery 2.2 Built in Microwave in Black Stainless Steel,$290,Mar 12,FRIGIDAIRE GALLERY     BUILT IN MICROWAVE IN BLACK STAINLESS STEEL, MICROWAVE OVEN    ,86
79,Frigidaire Gallery 1.6 Built in Microwave w/drop down door in SS,$630,Mar 12,FRIGIDAIRE GALLERY     BUILT IN MICROWAVE W DROP DOWN DOOR IN SS, MICROWAVE OVEN    ,86
80,Frigidaire Gallery 1.7 OTR Microwave in Stainless Steel,$261,Mar 13,FRIGIDAIRE GALLERY     OTR MICROWAVE IN STAINLESS STEEL, MICROWAVE OVEN    ,86
81,Kenmore Elite Front Load Washer and Gas Dryer Set in White,$850,Mar 13,KENMORE ELITE FRONT LOAD WASHER AND GAS DRYER SET IN WHITE, CLOTHES DRYER    ,86
82,Frigidaire Electric Dryer w/Pedestal in White,$450,Mar 13,FRIGIDAIRE ELECTRIC DRYER W PEDESTAL IN WHITE, CLOTHES DRYER    ,86
83,LG 7.4 Gas Dryer in Silver,$450,Mar 13,LG     GAS DRYER IN SILVER, CLOTHES DRYER    ,86
84,Kenmore Gas Dryer in White,$290,Mar 13,KENMORE GAS DRYER IN WHITE, CLOTHES DRYER    ,86
85,Kenmore Gas Dryer in White,$290,Mar 13,KENMORE GAS DRYER IN WHITE, CLOTHES DRYER    ,86
86,GE Electric Range in White,$200,Mar 13,GE ELECTRIC RANGE IN WHITE, ELECTRIC COOKER    ,86
87,LG 7.3 Gas Dryer w/Steam Dry in Red,$480,Mar 13,LG     GAS DRYER W STEAM DRY IN RED, CLOTHES DRYER    ,86
88,"Whirlpool 27"" Stackable Washer and Dryer Unit in White 220V",$699,Mar 31,WHIRLPOOL     STACKABLE WASHER AND DRYER UNIT IN WHITE    V, CLOTHES DRYER    ,86
89,Kenmore Elite Electric Dryer in Black,$240,Mar 21,KENMORE ELITE ELECTRIC DRYER IN BLACK, CLOTHES DRYER    ,86
90,LG Front Washer and Gas Dryer Set W/Steam in Red,$1400,Mar 21,LG FRONT WASHER AND GAS DRYER SET W STEAM IN RED, CLOTHES DRYER    ,86
91,Whirlpool Washer and Electric Dryer Set in White,$480,Apr 14,WHIRLPOOL WASHER AND ELECTRIC DRYER SET IN WHITE, CLOTHES DRYER    ,86
93,Toastmaster 5 cup coffee maker new in box,$12,Feb 29,TOASTMASTER   CUP COFFEE MAKER NEW IN BOX, BOX FAN    ,86
94,Toastmaster two slice toaster new in box,$15,Feb 29,TOASTMASTER TWO SLICE TOASTER NEW IN BOX, TOASTER     ,90
95,Toastmaster personal blender new in box,$12,Feb 29,TOASTMASTER PERSONAL BLENDER NEW IN BOX, BLENDER     ,90
98,Bella 5-Speed Digital Juice Juicer Blender Extractor 1000 watt STEEL,$60,Apr 14,BELLA   SPEED DIGITAL JUICE JUICER BLENDER EXTRACTOR      WATT STEEL,COLD PRESSED JUICER   ,86
99,NESCO Food and Meat Jerky PRO Dehydrator Snack master Oven SAVE MONEY,$35,Apr 14,NESCO FOOD AND MEAT JERKY PRO DEHYDRATOR SNACK MASTER OVEN SAVE MONEY, CONVECTION OVEN    ,86
100,"LOWEST PRICE! SODA STREAM maker , SAVE MONEY make your own soda !",$20,Apr 13,LOWEST PRICE  SODA STREAM MAKER   SAVE MONEY MAKE YOUR OWN SODA  , PASTA MAKER    ,86
101,DeLONGHI Coffee Maker 12 CUP STAINLESS STEEL DCF6212TTC 1000 WATT,$60,Apr 13,DELONGHI COFFEE MAKER    CUP STAINLESS STEEL DCF    TTC      WATT, COFFEE GRINDER    ,86
103,Pickup today! Samsung washer/dryer,$900,Mar 17,PICKUP TODAY  SAMSUNG WASHER DRYER, CLOTHES DRYER    ,86
104,Small Pepsi vending machine,$350,Mar 19,SMALL PEPSI VENDING MACHINE, SEWING MACHINE    ,86
105,Large Pepsi vending machine,$450,Mar 19,LARGE PEPSI VENDING MACHINE, SEWING MACHINE    ,86
107,Almost new washer & dryer,$0,Mar 18,ALMOST NEW WASHER   DRYER,WASHER   DRYER,90
108,Cooks Coffee Maker,$10,Mar 25,COOKS COFFEE MAKER, PASTA MAKER    ,86
110,Amway Water Purifier,$200,Apr  9,AMWAY WATER PURIFIER, AIR PURIFIER    ,86
111,Air Fryer,$20,Apr 14,AIR FRYER, AIR CONDITIONER    ,86
112,Coffee Maker,$35,Apr 14,COFFEE MAKER, COFFEEMAKER     ,96
113,Brand New Breville Mini smart Oven,$150,Apr 13,BRAND NEW BREVILLE MINI SMART OVEN, CONVECTION OVEN    ,86
114,Brand New Breville Smart Oven Pro,$250,Apr 13,BRAND NEW BREVILLE SMART OVEN PRO, CONVECTION OVEN    ,86
115,Haul away appliances for sale,$25,Apr 14,HAUL AWAY APPLIANCES FOR SALE, GAS APPLIANCE    ,76
116,21.9 Cubic Whirlpool Bottom Freezer Fridge,$750,Apr  9,     CUBIC WHIRLPOOL BOTTOM FREEZER FRIDGE, FREEZER     ,90
117,"36"" Kitchen Aid 5 burner gas cooktop",$1500,Mar  1,    KITCHEN AID   BURNER GAS COOKTOP, GAS APPLIANCE    ,86
118,Paper shredder,$50,Mar  4,PAPER SHREDDER, PAPER SHREDDER    ,100
1,Tool Box,$10,Apr 12,TOOL BOX, GO TO BED MATCHBOX    ,74
2,LG Inverter Direct Drive Washer & Dryer,$900,Apr  6,LG INVERTER DIRECT DRIVE WASHER   DRYER,WASHER   DRYER,90
3,Kenmoreclear Kenmore Refrigerator Water Filter,$18,Mar  3,KENMORECLEAR KENMORE REFRIGERATOR WATER FILTER, REFRIGERATOR     ,90
4,Motion activated sensor trash can,$90,Mar  8,MOTION ACTIVATED SENSOR TRASH CAN, CAN OPENER    ,86
7,Refrigerator.  Stainless steel.   3 door.   Like new Moving sale,$759,Apr 12,REFRIGERATOR   STAINLESS STEEL      DOOR    LIKE NEW MOVING SALE, REFRIGERATOR     ,90
8,Refrigerator. Stainless steel.   3. Door    Very cold   Like new,$759,Apr 12,REFRIGERATOR  STAINLESS STEEL       DOOR    VERY COLD   LIKE NEW, REFRIGERATOR     ,90
10,Electric Dryer,$150,Apr 12,ELECTRIC DRYER, ELECTRIC WATER BOILER   ,86
11,washer/dryer  whirlpool    Both electric. Great set,$399,Apr 13,WASHER DRYER  WHIRLPOOL    BOTH ELECTRIC  GREAT SET, CLOTHES DRYER    ,86
12,Washer and dryer.       Both electric.   Large size,$399,Apr 13,WASHER AND DRYER        BOTH ELECTRIC    LARGE SIZE, CLOTHES DRYER    ,86
13,Washer dryer.  Both electric.  Whirlpool.   Moving,$399,Apr 13,WASHER DRYER   BOTH ELECTRIC   WHIRLPOOL    MOVING, CLOTHES DRYER    ,86
14,Microwave stainless steel. Heavy duty extra large size. Like new movin,$99,Apr 13,MICROWAVE STAINLESS STEEL  HEAVY DUTY EXTRA LARGE SIZE  LIKE NEW MOVIN, MICROWAVE OVEN    ,86
15,Washer/dryer.  Both electric heavy duty.  Extra large - moving,$399,Apr 13,WASHER DRYER   BOTH ELECTRIC HEAVY DUTY   EXTRA LARGE   MOVING, CLOTHES DRYER    ,86
16,Washer and dryer    Both electric     Heavy duty- moving,$399,Apr 14,WASHER AND DRYER    BOTH ELECTRIC     HEAVY DUTY  MOVING, CLOTHES DRYER    ,86
18,36‚Äù GE Refrigerator,$575,Mar 16,    GE REFRIGERATOR, REFRIGERATOR     ,95
19,30‚Äù Samsung Stove-Electric,$425,Mar 21,    SAMSUNG STOVE ELECTRIC, ELECTRIC RAZOR    ,86
20,30‚Äù GE Stove-Electric,$425,Mar 19,    GE STOVE ELECTRIC, OVEN     ,74
21,18 1/2‚Äù Frigidaire Compact Refrigerator,$150,Mar 27,        FRIGIDAIRE COMPACT REFRIGERATOR, REFRIGERATOR     ,90
22,27‚Äù GE Dryer-Gas,$250,Apr  3,    GE DRYER GAS, COMBO WASHER DRYER   ,86
23,30‚Äù GE Stove-Electric,$325,Apr  5,    GE STOVE ELECTRIC, OVEN     ,74
24,33‚Äù Whirlpool Refrigerator,$650,Apr  5,    WHIRLPOOL REFRIGERATOR, REFRIGERATOR     ,90
25,24‚Äù GE Adora Dishwasher,$495,Apr 10,    GE ADORA DISHWASHER, DISHWASHER     ,90
26,30‚Äù GE Stove-Gas,$450,Apr 14,    GE STOVE GAS, OVEN     ,74
27,30‚Äù Frigidaire Stove-Electric,$450,Apr 14,    FRIGIDAIRE STOVE ELECTRIC, ELECTRIC COOKER    ,86
28,24‚Äù Bosch 800 Series Dishwasher,$975,Apr 14,    BOSCH     SERIES DISHWASHER, DISHWASHER     ,90
29,Brand New Burton 12V Hot Drinks To Go,$25,Mar 21,BRAND NEW BURTON   V HOT DRINKS TO GO, GO TO BED MATCHBOX    ,86
30,SINGER 300U DOUBLE NEEDLE CHAINSTITCH MACHINE W/ RACING PULLER,$5000,Apr 13,SINGER    U DOUBLE NEEDLE CHAINSTITCH MACHINE W  RACING PULLER, SEWING MACHINE    ,86
31,Brand new kenmore washer and dryer set,$500,Apr  8,BRAND NEW KENMORE WASHER AND DRYER SET, CLOTHES DRYER    ,86
32,"New Maytag MFI2269FRB 33"" French Door Refrigerator - CASH ONLY",$1000,Apr  9,NEW MAYTAG MFI    FRB     FRENCH DOOR REFRIGERATOR   CASH ONLY, REFRIGERATOR     ,90
33,Electric Fireplace insert w-Heater,$100,Apr 14,ELECTRIC FIREPLACE INSERT W HEATER, ELECTRIC COOKER    ,86
34,Oreck XL Gold Model U7050ECB4 Vacuum Cleaner,$40,Mar 31,ORECK XL GOLD MODEL U    ECB  VACUUM CLEANER, VACUUM CLEANER    ,90
35,Restaurant GRADE THREE COMPARTMENT SINK WITH FAUCE,$705,Mar 16,RESTAURANT GRADE THREE COMPARTMENT SINK WITH FAUCE, SEPARATE SINK SPRAY   ,86
36,GE Electric Dryer,$150,Mar 21,GE ELECTRIC DRYER, FUTON DRYER    ,86
38,Like new Samsung washer and electric dryer steam option,$950,Apr 13,LIKE NEW SAMSUNG WASHER AND ELECTRIC DRYER STEAM OPTION, CLOTHES DRYER    ,86
39,Viking D3 Built-In Brand New Microwave,$400,Mar 15,VIKING D  BUILT IN BRAND NEW MICROWAVE, MICROWAVE OVEN    ,86
40,Microwave Panasonic,$80,Mar 11,MICROWAVE PANASONIC, MICROWAVE OVEN    ,74
41,Kenmore progressive vacuum cleaner Model 116,$80,Mar 15,KENMORE PROGRESSIVE VACUUM CLEANER MODEL    , VACUUM CLEANER    ,90
42,Kenmore Elite Microwave,$100,Mar 15,KENMORE ELITE MICROWAVE, MICROWAVE OVEN    ,86
43,"LG LSXS26366D 36"" French Door Refrigerator 26.1 Cu. Ft. Black Stainles",$875,Mar 19,LG LSXS     D     FRENCH DOOR REFRIGERATOR      CU  FT  BLACK STAINLES, REFRIGERATOR     ,90
44,Fandelier Outdoor Ceiling Fan with Light,$207,Mar  1,FANDELIER OUTDOOR CEILING FAN WITH LIGHT, CEILING FAN    ,90
45,Ceiling fan price started at $72,$72,Mar  7,CEILING FAN PRICE STARTED AT    , CEILING FAN    ,90
46,Ninja Coffee Bar with Glass Carafe,$125,Mar 13,NINJA COFFEE BAR WITH GLASS CARAFE, COFFEE GRINDER    ,86
47,"InSinkErator
Badger 900 3/4 HP Continuous Feed Garbage Disposal",$125,Mar 22,INSINKERATOR BADGER         HP CONTINUOUS FEED GARBAGE DISPOSAL, GARBAGE DISPOSAL UNIT   ,86
48,"New Ceiling fans just arrived, price is stared at $37",$37,Mar  7,NEW CEILING FANS JUST ARRIVED  PRICE IS STARED AT    , CEILING FAN    ,90
49,Ceiling Fan With Light,$89,Mar 26,CEILING FAN WITH LIGHT, CEILING FAN    ,90
50,Ceiling Fan With Light Price Is Started At $39,$39,Apr  2,CEILING FAN WITH LIGHT PRICE IS STARTED AT    , CEILING FAN    ,90
51,Outdoor Fan From $109,$109,Mar 28,OUTDOOR FAN FROM     , ATTIC FAN    ,86
52,Ceiling Fan With Light Price Is Started At $49,$49,Mar 28,CEILING FAN WITH LIGHT PRICE IS STARTED AT    , CEILING FAN    ,90
53,Fridge,$500,Mar  2,FRIDGE, KIMCHI REFRIGERATOR    ,75
54,Kenmore Heavy Duty Electric Dryer dismantled and deep cleaned,$150,Apr 14,KENMORE HEAVY DUTY ELECTRIC DRYER DISMANTLED AND DEEP CLEANED, CLOTHES DRYER    ,86
55,Kenmore Heavy Duty Washer,$225,Apr 11,KENMORE HEAVY DUTY WASHER,WASHER   DRYER,86
56,23 in. LED Indoor/Outdoor Ceiling Fan with Light and Remote Control,$183,Mar 13,   IN  LED INDOOR OUTDOOR CEILING FAN WITH LIGHT AND REMOTE CONTROL, CEILING FAN    ,90
57,Food bowl and water bowl for reptiles. Little tree and rock ‚Äúhome‚Äù aswell,$30,Apr 10,FOOD BOWL AND WATER BOWL FOR REPTILES  LITTLE TREE AND ROCK  HOME  ASWELL, ELECTRIC WATER BOILER   ,86
58,60 in. LED Brushed Nickel Ceiling Fan with Light Kit and Remote Color,$183,Mar 13,   IN  LED BRUSHED NICKEL CEILING FAN WITH LIGHT KIT AND REMOTE COLOR, CEILING FAN    ,90
59,Over Oven Fan,$20,Apr  5,OVER OVEN FAN, OVEN     ,90
60,Stainless Steal Microwave,$20,Apr  5,STAINLESS STEAL MICROWAVE, MICROWAVE OVEN    ,86
62,Blue ripstick. Fast bearings and good grip.,$25,Apr 10,BLUE RIPSTICK  FAST BEARINGS AND GOOD GRIP , HEARING AID    ,74
63,Vac Master Sous Vide Immersion Circulator,$70,Apr 13,VAC MASTER SOUS VIDE IMMERSION CIRCULATOR, CALCULATOR     ,72
64,LEM Grinder/stuffer,$35,Apr 13,LEM GRINDER STUFFER, MEAT GRINDER    ,86
65,Thermador Dishwasher DWHD 410JFP/66,$600,Mar 31,THERMADOR DISHWASHER DWHD    JFP   , DISHWASHER     ,90
69,Stainless Steel Island Island Hood Range Hood Exhaust,$275,Mar 11,STAINLESS STEEL ISLAND ISLAND HOOD RANGE HOOD EXHAUST, EXHAUST HOOD    ,86
70,Maytag Front Load Steam set WARRANTY & SAMEDAY DELIVERYüëç,$1,Apr  2,MAYTAG FRONT LOAD STEAM SET WARRANTY   SAMEDAY DELIVERY , KARAOKE SET    ,86
71,Large snack vending machine,$650,Mar 19,LARGE SNACK VENDING MACHINE, SEWING MACHINE    ,86
72,Whirlpool Whispure 510 HEPA Air Purifiers for sale,$75,Mar 21,WHIRLPOOL WHISPURE     HEPA AIR PURIFIERS FOR SALE, AIR PURIFIER    ,90
73,Dishwasher,$50,Apr  3,DISHWASHER, DISHWASHER     ,100
74,Samsung Gas Dryer,$350,Apr  4,SAMSUNG GAS DRYER, FUTON DRYER    ,86
75,Refrigerador dometic RV,$400,Mar 29,REFRIGERADOR DOMETIC RV, REFRIGERATOR     ,83
76,Refrigerator cheap with warranty,$4321,Mar 18,REFRIGERATOR CHEAP WITH WARRANTY, REFRIGERATOR     ,90
77,Small refrigerator 33x69 G,$400,Apr  8,SMALL REFRIGERATOR   X   G, REFRIGERATOR     ,90
78,Glass stove stainlles steel ge with warranty,$250,Apr 12,GLASS STOVE STAINLLES STEEL GE WITH WARRANTY, KITCHEN STOVE ,86
79,Gas stove hoy point with warranty,$250,Apr 12,GAS STOVE HOY POINT WITH WARRANTY, GAS APPLIANCE    ,86
80,Dishwasher,$280,Mar  7,DISHWASHER, DISHWASHER     ,100
81,Security camera installation,$400,Mar 20,SECURITY CAMERA INSTALLATION, DIGITAL CAMERA    ,86
82,Kohler Cast Iron Sink,$150,Mar 13,KOHLER CAST IRON SINK, SINK     ,90
83,Refrigerator,$500,Feb 29,REFRIGERATOR, REFRIGERATOR     ,100
84,Microwave oven,$150,Mar  2,MICROWAVE OVEN, MICROWAVE OVEN    ,100
86,JennAir Oven/ Never Used / Electric,$275,Mar 11,JENNAIR OVEN  NEVER USED   ELECTRIC, CONVECTION OVEN    ,86
87,American Standard Air Conditioning,$1,Mar 11,AMERICAN STANDARD AIR CONDITIONING, AIR CONDITIONER    ,86
88,Washers and dryer,$200,Mar 16,WASHERS AND DRYER, FUTON DRYER    ,86
89,Water Cooler Hot/Cold,$59,Mar 22,WATER COOLER HOT COLD, COOLER     ,90
91,Fellowes paper shredder,$30,Mar 25,FELLOWES PAPER SHREDDER, PAPER SHREDDER    ,90
92,Maytag overhead microwave,$30,Mar 25,MAYTAG OVERHEAD MICROWAVE, MICROWAVE OVEN    ,86
93,Washer &Dryer,$400,Mar 26,WASHER  DRYER,WASHER   DRYER,96
95,Jenn Air Double Oven Electric,$200,Mar 30,JENN AIR DOUBLE OVEN ELECTRIC, OVEN     ,90
96,Hamilton Beach Microwave 1.1Cu.Ft. Black,$40,Mar 31,HAMILTON BEACH MICROWAVE    CU FT  BLACK, MICROWAVE OVEN    ,86
97,Washer and dryer,$950,Apr 13,WASHER AND DRYER,WASHER   DRYER,95
98,"12"" Vessel Sink Faucet Chrome",$73,Mar  4,    VESSEL SINK FAUCET CHROME, SINK     ,90
99,Samsung gas dryer,$150,Mar  4,SAMSUNG GAS DRYER, FUTON DRYER    ,86
101,Washer and dryer,$200,Mar  3,WASHER AND DRYER,WASHER   DRYER,95
102,Jockey Box/ Ice  Bin/ Caja de hielo,$300,Mar  8,JOCKEY BOX  ICE  BIN  CAJA DE HIELO, BOX FAN    ,86
103,Jockey Box/ Ice  Bin/ Caja de hielo,$300,Mar  8,JOCKEY BOX  ICE  BIN  CAJA DE HIELO, BOX FAN    ,86
104,Jockey Box/ Ice  Bin/ Caja de hielo,$300,Mar  8,JOCKEY BOX  ICE  BIN  CAJA DE HIELO, BOX FAN    ,86
105,Jockey Box/ Ice  Bin/ Caja de hielo,$300,Mar  8,JOCKEY BOX  ICE  BIN  CAJA DE HIELO, BOX FAN    ,86
106,Jockey Box/ Ice  Bin/ Caja de hielo,$300,Mar  8,JOCKEY BOX  ICE  BIN  CAJA DE HIELO, BOX FAN    ,86
107,Jockey Box/ Ice  Bin/ Caja de hielo,$300,Mar  8,JOCKEY BOX  ICE  BIN  CAJA DE HIELO, BOX FAN    ,86
108,Jockey Box/ Ice  Bin/ Caja de hielo,$300,Mar  8,JOCKEY BOX  ICE  BIN  CAJA DE HIELO, BOX FAN    ,86
109,Jockey Box/ Ice  Bin/ Caja de hielo,$300,Mar 28,JOCKEY BOX  ICE  BIN  CAJA DE HIELO, BOX FAN    ,86
110,Ambiance Electric Fireplace,$1000,Mar  9,AMBIANCE ELECTRIC FIREPLACE, ELECTRIC COOKER    ,86
111,7.4 cu. ft. Apartment Size Top Freezer Refrigerator in White,$335,Mar 12,    CU  FT  APARTMENT SIZE TOP FREEZER REFRIGERATOR IN WHITE, FREEZER     ,90
112,Samsung BRF365200AP21 Cu. Ft. Panel Ready French Door Refrigerator,$3800,Mar 19,SAMSUNG BRF      AP   CU  FT  PANEL READY FRENCH DOOR REFRIGERATOR, REFRIGERATOR     ,90
114,LG electric stove double door oven,$550,Mar 23,LG ELECTRIC STOVE DOUBLE DOOR OVEN, CONVECTION OVEN    ,86
115,Jockey Box/ Ice  Bin/ Caja de hielo,$300,Mar 28,JOCKEY BOX  ICE  BIN  CAJA DE HIELO, BOX FAN    ,86
116,Jockey Box/ Ice  Bin/ Caja de hielo,$300,Mar 28,JOCKEY BOX  ICE  BIN  CAJA DE HIELO, BOX FAN    ,86
117,Jockey Box/ Ice  Bin/ Caja de hielo,$300,Mar 28,JOCKEY BOX  ICE  BIN  CAJA DE HIELO, BOX FAN    ,86
118,Jockey Box/ Ice  Bin/ Caja de hielo,$300,Mar 28,JOCKEY BOX  ICE  BIN  CAJA DE HIELO, BOX FAN    ,86
119,Jockey Box/ Ice  Bin/ Caja de hielo,$300,Mar 28,JOCKEY BOX  ICE  BIN  CAJA DE HIELO, BOX FAN    ,86
0,Jockey Box/ Ice  Bin/ Caja de hielo,$300,Mar 28,JOCKEY BOX  ICE  BIN  CAJA DE HIELO, BOX FAN    ,86
1,Jockey Box/ Ice  Bin/ Caja de hielo,$300,Mar 28,JOCKEY BOX  ICE  BIN  CAJA DE HIELO, BOX FAN    ,86
2,Jockey Box/ Ice  Bin/ Caja de hielo,$300,Mar 28,JOCKEY BOX  ICE  BIN  CAJA DE HIELO, BOX FAN    ,86
3,Jockey Box/ Ice  Bin/ Caja de hielo,$300,Mar 28,JOCKEY BOX  ICE  BIN  CAJA DE HIELO, BOX FAN    ,86
5,Yamaha keyboard,$190,Mar 31,YAMAHA KEYBOARD,KEYBOARD    ,90
7,Washer and Dryer,$399,Apr  1,WASHER AND DRYER,WASHER   DRYER,95
10,Monogram ZWE23ESNSS  French door refrigerator,$2100,Apr 11,MONOGRAM ZWE  ESNSS  FRENCH DOOR REFRIGERATOR, REFRIGERATOR     ,90
13,Vitamix TurboBlend 3-Speed Blender Brand New Sealed,$275,Mar 26,VITAMIX TURBOBLEND   SPEED BLENDER BRAND NEW SEALED, BLENDER     ,90
16,Working Washer & Dryer,$75,Mar  4,WORKING WASHER   DRYER,WASHER   DRYER,90
17,frigidaire dishwasher for sale,$100,Mar  9,FRIGIDAIRE DISHWASHER FOR SALE, DISHWASHER     ,90
18,"TOOLS, 18 CF FREEZER , 30 IN TORO MOWER",$100,Apr  5,TOOLS     CF FREEZER      IN TORO MOWER, FREEZER     ,90
19,"TOOLS,FREEZER ,  MOWER",$125,Apr  5,TOOLS FREEZER    MOWER, FREEZER     ,90
20,Viking Commercial Double Oven,$4200,Apr 10,VIKING COMMERCIAL DOUBLE OVEN, OVEN     ,90
21,"TOOLS, EQUIPTMENT,  LAWN MOWER",$100,Apr  4,TOOLS  EQUIPTMENT   LAWN MOWER, LAWN MOWER    ,90
22,"TOOLS, EQUIPTMENT,  LAWN MOWER",$100,Apr  4,TOOLS  EQUIPTMENT   LAWN MOWER, LAWN MOWER    ,90
23,"TOOLS, EQUIPTMENT,  LAWN MOWER",$100,Apr  5,TOOLS  EQUIPTMENT   LAWN MOWER, LAWN MOWER    ,90
24,"TOOLS,FREEZER ,  MOWER",$125,Apr  5,TOOLS FREEZER    MOWER, FREEZER     ,90
25,"TOOLS,FREEZER ,  MOWER",$125,Apr  5,TOOLS FREEZER    MOWER, FREEZER     ,90
26,"TOOLS, 18 CF FREEZER , 30 IN TORO MOWER",$100,Apr  5,TOOLS     CF FREEZER      IN TORO MOWER, FREEZER     ,90
27,Hamilton Beach Water Cooler Dispenser Bottom Loading BL-1-3,$80,Mar 31,HAMILTON BEACH WATER COOLER DISPENSER BOTTOM LOADING BL    , ELECTRIC WATER BOILER   ,86
28,Viva Self Cleaning Stainless Steel Bottom Load Water Dispenser Cooler,$70,Mar 31,VIVA SELF CLEANING STAINLESS STEEL BOTTOM LOAD WATER DISPENSER COOLER, ELECTRIC WATER BOILER   ,86
30,Insignia Top Loading Washer- Awesome,$200,Apr 13,INSIGNIA TOP LOADING WASHER  AWESOME, COMBO WASHER DRYER   ,86
31,Washer and dryer  Gas dryer. Front load.  Heavy duty,$759,Apr 14,WASHER AND DRYER  GAS DRYER  FRONT LOAD   HEAVY DUTY, CLOTHES DRYER    ,86
32,Washer/dryer Gas dryer front load  heavy duty,$759,Apr 10,WASHER DRYER GAS DRYER FRONT LOAD  HEAVY DUTY, CLOTHES DRYER    ,86
33,Over The Range Microwave Hood Vent Light Combo,$30,Apr 13,OVER THE RANGE MICROWAVE HOOD VENT LIGHT COMBO, COMBO WASHER DRYER   ,86
37,Ninja - 12-Cup Coffee Maker - Black/Stainless Steel - Brand New in box,$69,Apr 12,NINJA      CUP COFFEE MAKER   BLACK STAINLESS STEEL   BRAND NEW IN BOX, BOX MANGLE    ,86
38,Brand New Sealed 1.6-cu ft Over-the-Range Microwave (Black),$149,Apr 12,BRAND NEW SEALED     CU FT OVER THE RANGE MICROWAVE  BLACK , MICROWAVE OVEN    ,86
39,Brand New Sealed in box Oster - Air Fryer Toaster Oven - Black,$98,Apr 12,BRAND NEW SEALED IN BOX OSTER   AIR FRYER TOASTER OVEN   BLACK, TOASTER OVEN    ,90
40,Brand New Emerald Air Fryer 1800 Watts Digital LED Touch Display 5.2L,$59,Apr 12,BRAND NEW EMERALD AIR FRYER      WATTS DIGITAL LED TOUCH DISPLAY    L, AIR CONDITIONER    ,86
41,Washer   Kenmore brand.  Heavy duty   Moving,$179,Apr 12,WASHER   KENMORE BRAND   HEAVY DUTY   MOVING, COMBO WASHER DRYER   ,86
42,Gas Dryer Kenmore,$50,Mar 11,GAS DRYER KENMORE, FUTON DRYER    ,86
43,"Water Softener , BEST PRICE IN HOUSTON!!!!!",$0,Feb 29,WATER SOFTENER   BEST PRICE IN HOUSTON     , ELECTRIC WATER BOILER   ,86
44,Compact washer machine,$100,Mar  3,COMPACT WASHER MACHINE, SEWING MACHINE    ,86
46,Washer dryer,$0,Mar 15,WASHER DRYER,WASHER   DRYER,95
47,Electrolux Vacuum Cleaner,$30,Mar 17,ELECTROLUX VACUUM CLEANER, VACUUM CLEANER    ,90
50,LG Electric Washer and Dryer,$1100,Mar 30,LG ELECTRIC WASHER AND DRYER, CLOTHES DRYER    ,86
51,Whirlpool stackable washer and electric dryer,$575,Apr  3,WHIRLPOOL STACKABLE WASHER AND ELECTRIC DRYER, CLOTHES DRYER    ,86
52,New electric dryer kenmore,$400,Apr  4,NEW ELECTRIC DRYER KENMORE, CLOTHES DRYER    ,86
53,nice LG front load washer and gas dryer,$790,Apr 12,NICE LG FRONT LOAD WASHER AND GAS DRYER, CLOTHES DRYER    ,86
54,nice LG front load washer and dryer,$890,Apr 12,NICE LG FRONT LOAD WASHER AND DRYER, CLOTHES DRYER    ,86
55,Full size nice Ge stackable washer and electric dryer,$775,Apr 12,FULL SIZE NICE GE STACKABLE WASHER AND ELECTRIC DRYER, CLOTHES DRYER    ,86
56,Gray pedestals with storage drawer for Kenmore/Whirlpool washer-dryer,$250,Apr 13,GRAY PEDESTALS WITH STORAGE DRAWER FOR KENMORE WHIRLPOOL WASHER DRYER, CLOTHES DRYER    ,86
57,Samsung electric front-load dryer 9.5 cu.ft,$650,Apr 14,SAMSUNG ELECTRIC FRONT LOAD DRYER     CU FT, CLOTHES DRYER    ,86
58,4 prong dryer electric cord power cord #2920,$10,Apr  1,  PRONG DRYER ELECTRIC CORD POWER CORD      , CLOTHES DRYER    ,86
59,Infrared fireplace heater #3054,$80,Apr  5,INFRARED FIREPLACE HEATER      , FAN HEATER    ,86
60,Keurig 2.0 coffee maker and Keurig carafe #2625,$70,Apr 11,KEURIG     COFFEE MAKER AND KEURIG CARAFE      , COFFEE GRINDER    ,86
61,Old Marvel mini fridge mini refrigerator #2938,$75,Apr 14,OLD MARVEL MINI FRIDGE MINI REFRIGERATOR      , REFRIGERATOR     ,90
62,Otis Spunkmeyer cookie oven #2940,$80,Apr 14,OTIS SPUNKMEYER COOKIE OVEN      , OVEN     ,90
63,"Server stainless steel sauce warmer, soup keeper #2854",$50,Apr 14,SERVER STAINLESS STEEL SAUCE WARMER  SOUP KEEPER      ,SERVER    ,90
64,Vintage look electric heater fireplace #3099,$80,Apr 14,VINTAGE LOOK ELECTRIC HEATER FIREPLACE      , ELECTRIC COOKER    ,86
66,Samsung Refrigerator 28 Cu.Ft.,$1499,Apr  3,SAMSUNG REFRIGERATOR    CU FT , REFRIGERATOR     ,90
68,Bissell Vacuum,$20,Mar 17,BISSELL VACUUM, CENTRAL VACUUM CLEANER   ,86
70,Whirlpool washer and dryer laundry center apartment size,$575,Apr 13,WHIRLPOOL WASHER AND DRYER LAUNDRY CENTER APARTMENT SIZE, CLOTHES DRYER    ,86
71,Maytag Centennial commercial gas dryer,$95,Mar 16,MAYTAG CENTENNIAL COMMERCIAL GAS DRYER, CLOTHES DRYER    ,86
72,Whirlpool Duet Washer & Drier,$499,Mar 28,WHIRLPOOL DUET WASHER   DRIER, COMBO WASHER DRYER   ,86
73,Samsung Aqua-Pure Plus Refrigerator Water Filter,$15,Mar 23,SAMSUNG AQUA PURE PLUS REFRIGERATOR WATER FILTER, REFRIGERATOR     ,90
74,Electrolux IQ-Touch Electric Dryer,$650,Mar 11,ELECTROLUX IQ TOUCH ELECTRIC DRYER, CLOTHES DRYER    ,86
75,new microwave for sale,$175,Mar 20,NEW MICROWAVE FOR SALE, MICROWAVE OVEN    ,86
76,meat grinder for sale,$50,Mar 20,MEAT GRINDER FOR SALE, MEAT GRINDER    ,90
78,Brand New Breville Mini Smart Oven,$150,Apr 13,BRAND NEW BREVILLE MINI SMART OVEN, CONVECTION OVEN    ,86
79,Use my Acima credit line for new appliance or furniture,$1500,Apr  8,USE MY ACIMA CREDIT LINE FOR NEW APPLIANCE OR FURNITURE, APPLIANCE PLUG    ,86
80,LG WINDOW AC UNIT,$60,Apr 11,LG WINDOW AC UNIT, WINDOW FAN    ,86
81,Water filter for the whole house,$0,Mar  4,WATER FILTER FOR THE WHOLE HOUSE, WATER FILTER,90
82,Coleman 40-Quart PowerChill Thermoelectric Cooler with Power Cord,$89,Mar 10,COLEMAN    QUART POWERCHILL THERMOELECTRIC COOLER WITH POWER CORD, EVAPORATIVE COOLER    ,86
83,MINI REFRIGERATOR 4.4 CU.FT,$139,Mar 18,MINI REFRIGERATOR     CU FT, REFRIGERATOR     ,90
84,Water softener & conditioner,$1,Mar 25,WATER SOFTENER   CONDITIONER, AIR CONDITIONER    ,86
85,Pleasant Hearth 42 in. Natural Gas Intermediate Heritage Vent Free Fir,$566,Mar 25,PLEASANT HEARTH    IN  NATURAL GAS INTERMEDIATE HERITAGE VENT FREE FIR, GAS APPLIANCE    ,86
86,Drinkable water with softener. & conditioner,$69,Apr  6,DRINKABLE WATER WITH SOFTENER    CONDITIONER, AIR CONDITIONER    ,86
87,Drinkable water alkaine filtration systems,$1,Apr 11,DRINKABLE WATER ALKAINE FILTRATION SYSTEMS, ELECTRIC WATER BOILER   ,86
88,Water filtration systems,$1,Apr 13,WATER FILTRATION SYSTEMS, WATER COOKER    ,86
89,Water softener & conditioner,$1,Apr 13,WATER SOFTENER   CONDITIONER, AIR CONDITIONER    ,86
91,Dryer,$50,Mar 27,DRYER, CLOTHES DRYER    ,90
92,Water softener & conditioner,$799,Apr 13,WATER SOFTENER   CONDITIONER, AIR CONDITIONER    ,86
93,Water softener & conditioner,$1,Apr 13,WATER SOFTENER   CONDITIONER, AIR CONDITIONER    ,86
94,Water softener & conditioner,$1,Apr 13,WATER SOFTENER   CONDITIONER, AIR CONDITIONER    ,86
95,Water softener & conditioner,$1,Apr 13,WATER SOFTENER   CONDITIONER, AIR CONDITIONER    ,86
97,Whirlpool gas dryer,$120,Apr 14,WHIRLPOOL GAS DRYER, FUTON DRYER    ,86
98,Kenmore elite stove range,$150,Apr  5,KENMORE ELITE STOVE RANGE, KITCHEN STOVE ,86
99,"RevoAce 4-Burner Gas Grill with Side Burner, Pewter Fleck and Black",$155,Apr 14,REVOACE   BURNER GAS GRILL WITH SIDE BURNER  PEWTER FLECK AND BLACK, GAS APPLIANCE    ,86
100,Washer & Dryer,$700,Mar 26,WASHER   DRYER,WASHER   DRYER,100
102,21 CU. FT. SIDE BY SIDE REFRIGERATOR IN WHITE,$799,Mar  8,   CU  FT  SIDE BY SIDE REFRIGERATOR IN WHITE, REFRIGERATOR     ,90
103,SAMSUNG - 27.8 CU. FT. 4-DOOR FRENCH DOOR REFRIGERATOR WITH FOOD SHOWC,$1699,Mar 10,SAMSUNG        CU  FT    DOOR FRENCH DOOR REFRIGERATOR WITH FOOD SHOWC, REFRIGERATOR     ,90
104,23.5 CU. FT. FRENCH DOOR SMART REFRIGERATOR W/DUAL ICEMAKER & WI-FI EN,$1999,Mar  8,     CU  FT  FRENCH DOOR SMART REFRIGERATOR W DUAL ICEMAKER   WI FI EN, REFRIGERATOR     ,90
105,9.8 CU. FT. TOP FREEZER REFRIGERATOR IN WHITE,$389,Mar  8,    CU  FT  TOP FREEZER REFRIGERATOR IN WHITE, FREEZER     ,90
106,KITCHENAID - 23.8 CU. FT. FRENCH DOOR COUNTER-DEPTH REFRIGERATOR - BLA,$2499,Mar  8,KITCHENAID        CU  FT  FRENCH DOOR COUNTER DEPTH REFRIGERATOR   BLA, REFRIGERATOR     ,90
107,SAMSUNG 24.6-CU FT FRENCH DOOR REFRIGERATOR WITH DUAL ICE MAKER (FINGE,$1699,Mar 10,SAMSUNG      CU FT FRENCH DOOR REFRIGERATOR WITH DUAL ICE MAKER  FINGE, REFRIGERATOR     ,90
108,SAMSUNG 24.6-CU FT FRENCH DOOR REFRIGERATOR WITH DUAL ICE MAKER (FINGE,$999,Mar  8,SAMSUNG      CU FT FRENCH DOOR REFRIGERATOR WITH DUAL ICE MAKER  FINGE, REFRIGERATOR     ,90
109,LG - 26.2 CU. FT. SIDE-BY-SIDE REFRIGERATOR WITH THRU-THE-DOOR ICE AND,$899,Mar  5,LG        CU  FT  SIDE BY SIDE REFRIGERATOR WITH THRU THE DOOR ICE AND, REFRIGERATOR     ,90
110,"22.5 CU. FT. 4-DOORFLEX FRENCH DOOR REFRIGERATOR IN STAINLESS STEEL, C",$1899,Mar  8,     CU  FT    DOORFLEX FRENCH DOOR REFRIGERATOR IN STAINLESS STEEL  C, REFRIGERATOR     ,90
111,WHIRLPOOL 21.4-CU FT SIDE-BY-SIDE REFRIGERATOR WITH ICE MAKER (FINGERP,$799,Mar  5,WHIRLPOOL      CU FT SIDE BY SIDE REFRIGERATOR WITH ICE MAKER  FINGERP, REFRIGERATOR     ,90
112,MAYTAG 4.5-CU FT HIGH EFFICIENCY STACKABLE FRONT-LOAD WASHER (METALLIC,$529,Mar  8,MAYTAG     CU FT HIGH EFFICIENCY STACKABLE FRONT LOAD WASHER  METALLIC, COMBO WASHER DRYER   ,86
113,36 IN. W 27.8 CU. FT. FRENCH DOOR REFRIGERATOR WITH DOOR-IN-DOOR IN BL,$1949,Mar  4,   IN  W      CU  FT  FRENCH DOOR REFRIGERATOR WITH DOOR IN DOOR IN BL, REFRIGERATOR     ,90
114,Sears 49599 5' Water Hose for Ice Makers,$9,Apr 14,SEARS          WATER HOSE FOR ICE MAKERS, ELECTRIC WATER BOILER   ,86
115,George Foreman Healthy Cooking Grill,$20,Mar 30,GEORGE FOREMAN HEALTHY COOKING GRILL,HEARTH ,75
116,LIMITED TIME OFFER! Finance In-Home Appliances! No Credit Checks!!,$39,Apr 10,LIMITED TIME OFFER  FINANCE IN HOME APPLIANCES  NO CREDIT CHECKS  , HOME SERVER    ,86
117,11612 Hempstead Road NO CREDIT FINANCING AVAILABLE! Home Appliances!,$39,Apr 10,      HEMPSTEAD ROAD NO CREDIT FINANCING AVAILABLE  HOME APPLIANCES , HOME SERVER    ,86
118,Alpine Ice Cream/ Frozen Yogurt Machine,$1300,Mar 27,ALPINE ICE CREAM  FROZEN YOGURT MACHINE, SEWING MACHINE    ,86
119,Insignia 18 Cu. Ft. Refrigerator,$299,Apr  9,INSIGNIA    CU  FT  REFRIGERATOR, REFRIGERATOR     ,90
0,Amana Washer and Dryer,$500,Apr  9,AMANA WASHER AND DRYER, CLOTHES DRYER    ,86
3,Hamilton Change Machine,$300,Mar  6,HAMILTON CHANGE MACHINE, SEWING MACHINE    ,86
8,Washer and Dryer Repair,$50,Mar  6,WASHER AND DRYER REPAIR, CLOTHES DRYER    ,86
9,Washer and Dryer Repair,$50,Mar  6,WASHER AND DRYER REPAIR, CLOTHES DRYER    ,86
10,ELGA reverse osmosis water system,$1000,Mar  5,ELGA REVERSE OSMOSIS WATER SYSTEM, ELECTRIC WATER BOILER   ,86
11,Washer-Dryer Repair,$50,Mar 12,WASHER DRYER REPAIR,WASHER   DRYER,95
12,Washer and Dryer Repair,$50,Mar  9,WASHER AND DRYER REPAIR, CLOTHES DRYER    ,86
14,George Forman Grill,$10,Mar 14,GEORGE FORMAN GRILL, MANGLE,71
17,Water Softener System,$500,Mar  5,WATER SOFTENER SYSTEM, WATER COOKER    ,86
18,iRobot Looj (Gutter Cleaner) - Never Used - New In Box,$150,Mar 14,IROBOT LOOJ  GUTTER CLEANER    NEVER USED   NEW IN BOX, BOX FAN    ,86
19,Washing Machine Water Line Hoses -  Stainless or Rubber,$7,Apr 14,WASHING MACHINE WATER LINE HOSES    STAINLESS OR RUBBER, WASHING MACHINE    ,90
20,Portable Air Conditioner Portable AC Hisense 10k BTU,$250,Mar 15,PORTABLE AIR CONDITIONER PORTABLE AC HISENSE   K BTU, AIR CONDITIONER    ,90
22,DEEP PLASTIC SINK TUB,$60,Apr 14,DEEP PLASTIC SINK TUB, SINK     ,90
23,LG SET JUMBO STEAM BOTH,$950,Mar  4,LG SET JUMBO STEAM BOTH, KARAOKE SET    ,86
24,SAMSUNG VRT STEAM WASHER DRYER GAS DRYER,$800,Mar  4,SAMSUNG VRT STEAM WASHER DRYER GAS DRYER, CLOTHES DRYER    ,86
25,Water Heater _ New,$275,Mar  6,WATER HEATER   NEW,WATER HEATER   ,90
26,Refrigerater perfect condition,$1000,Mar 17,REFRIGERATER PERFECT CONDITION, REFRIGERATOR     ,83
27,Stove electric almost new,$150,Mar 17,STOVE ELECTRIC ALMOST NEW, ELECTRIC COOKER    ,86
28,Stove electric for sale,$150,Mar 17,STOVE ELECTRIC FOR SALE, ELECTRIC COOKER    ,86
29,Refrigerater,$100,Mar 17,REFRIGERATER, REFRIGERATOR     ,92
30,Stove electric almost new,$150,Mar 17,STOVE ELECTRIC ALMOST NEW, ELECTRIC COOKER    ,86
31,Refrigerater good condition,$200,Mar 17,REFRIGERATER GOOD CONDITION, REFRIGERATOR     ,83
32,Refrigerater perfect condition $250,$150,Mar 18,REFRIGERATER PERFECT CONDITION     , REFRIGERATOR     ,83
33,Vollrath Cayenne 40703 Convection Oven,$750,Apr  9,VOLLRATH CAYENNE       CONVECTION OVEN, CONVECTION OVEN    ,90
34,Espresso machine and grinder,$1000,Apr 14,ESPRESSO MACHINE AND GRINDER, COFFEE GRINDER    ,86
36,DEEP PLASTIC SINK,$60,Apr 12,DEEP PLASTIC SINK, SINK     ,90
38,New Kitchen Home Appliances Glasses Decorations Lot,$15,Apr 10,NEW KITCHEN HOME APPLIANCES GLASSES DECORATIONS LOT, HOME SERVER    ,86
42,**Norlake Walk-in Freezer & Walk-in Cooler **New**,$7500,Mar 16,  NORLAKE WALK IN FREEZER   WALK IN COOLER   NEW  , COOLER     ,90
43,Manitowoc Ice Maker  **Brand New**,$1600,Mar 16,MANITOWOC ICE MAKER    BRAND NEW  , PASTA MAKER    ,86
44,MOVING NEED GONE ASAP!  Window A/C Unit,$150,Mar 19,MOVING NEED GONE ASAP   WINDOW A C UNIT, GARBAGE DISPOSAL UNIT   ,86
45,Wine cooler refrigerator,$200,Apr 11,WINE COOLER REFRIGERATOR, COOLER     ,90
47,Vacuum cleaner,$40,Apr 13,VACUUM CLEANER, VACUUM CLEANER    ,100
48,Vacuum cleaner,$40,Apr 13,VACUUM CLEANER, VACUUM CLEANER    ,100
49,Nice Samsung front load stainless washer and electric dryer,$890,Apr 12,NICE SAMSUNG FRONT LOAD STAINLESS WASHER AND ELECTRIC DRYER, CLOTHES DRYER    ,86
50,"Samsung cherry red pedestals for washer and dryer 27"" wide",$275,Apr 12,SAMSUNG CHERRY RED PEDESTALS FOR WASHER AND DRYER     WIDE, CLOTHES DRYER    ,86
51,Kenmore Front Loading Electric  Dryer,$200,Apr 13,KENMORE FRONT LOADING ELECTRIC  DRYER, CLOTHES DRYER    ,86
52,two white Lg pedestals with storage drawer,$250,Apr 14,TWO WHITE LG PEDESTALS WITH STORAGE DRAWER, DRAWER DISHWASHER    ,86
53,Washer and dryer Repair,$0,Mar 12,WASHER AND DRYER REPAIR, CLOTHES DRYER    ,86
54,Washer and dryer Repair,$0,Mar 12,WASHER AND DRYER REPAIR, CLOTHES DRYER    ,86
55,Washer and dryer Repair,$0,Mar 12,WASHER AND DRYER REPAIR, CLOTHES DRYER    ,86
57,Ge electric oven,$100,Mar 12,GE ELECTRIC OVEN, OVEN     ,90
58,Hisense 12k btu portable AC unit,$250,Mar 14,HISENSE   K BTU PORTABLE AC UNIT, GARBAGE DISPOSAL UNIT   ,86
61,Microwave 30.00,$0,Mar  9,MICROWAVE      , MICROWAVE OVEN    ,90
62,Microwave 30.00,$0,Mar  9,MICROWAVE      , MICROWAVE OVEN    ,90
63,Microwave 30.00,$0,Mar  9,MICROWAVE      , MICROWAVE OVEN    ,90
64,IDLI MAKER MICROWAVABLE,$10,Feb 29,IDLI MAKER MICROWAVABLE, PASTA MAKER    ,86
65,Bar or table chairs,$60,Mar  2,BAR OR TABLE CHAIRS, TABLE LAMP    ,86
66,COMERCIAL CHICKEN ROSTISSERIE OVEN,$2000,Mar 17,COMERCIAL CHICKEN ROSTISSERIE OVEN, CONVECTION OVEN    ,86
68,Westinghouse Hand Held Mini Carpet and Car Vacuum,$10,Mar 13,WESTINGHOUSE HAND HELD MINI CARPET AND CAR VACUUM, CENTRAL VACUUM CLEANER   ,86
69,2 PIECE FURNITURE SET FOR SALE MUST GO SERIOUS INQUIRES ONLY,$400,Mar 26,  PIECE FURNITURE SET FOR SALE MUST GO SERIOUS INQUIRES ONLY, GO TO BED MATCHBOX    ,86
71,Stainless Steel Gas Stove,$100,Mar 23,STAINLESS STEEL GAS STOVE, GAS APPLIANCE    ,86
73,Kenmore dishwasher,$50,Apr  4,KENMORE DISHWASHER, DISHWASHER     ,90
74,"Sink, faucet, and garbage disposal",$150,Apr  7,SINK  FAUCET  AND GARBAGE DISPOSAL, GARBAGE DISPOSAL UNIT   ,86
75,Under washer cabinets 2,$100,Apr 11,UNDER WASHER CABINETS  ,WASHER   DRYER,86
76,BRAND NEW - Summit  SPWD2201SS Front Load Washer/Dryer Combo,$580,Apr 12,BRAND NEW   SUMMIT  SPWD    SS FRONT LOAD WASHER DRYER COMBO, CLOTHES DRYER    ,86
78,WASHER AND DRYER,$300,Apr 14,WASHER AND DRYER,WASHER   DRYER,95
79,"Philips FW-C557/37 Max-Sound Gameport 5-CD/Radio Hi-Fi Stereo System

",$0,Mar 24,PHILIPS FW C       MAX SOUND GAMEPORT   CD RADIO HI FI STEREO SYSTEM  , RADIO RECEIVER    ,86
80,Washer/Drier,$500,Mar  5,WASHER DRIER,WASHER   DRYER,87
81,Electrolux Electric Fireplace,$75,Mar 17,ELECTROLUX ELECTRIC FIREPLACE, ELECTRIC COOKER    ,86
82,Portable Clothes Washer,$200,Mar 19,PORTABLE CLOTHES WASHER, CLOTHES DRYER    ,86
83,Washer & dryer set,$600,Apr 13,WASHER   DRYER SET,WASHER   DRYER,95
84,Kenmore white gas range,$100,Apr  8,KENMORE WHITE GAS RANGE, GAS APPLIANCE    ,86
85,Kenmore white top freezer refrigerator,$100,Apr  8,KENMORE WHITE TOP FREEZER REFRIGERATOR, FREEZER     ,90
88,"Hisense 5,500 btu portable air conditioner",$200,Apr 14,HISENSE       BTU PORTABLE AIR CONDITIONER, AIR CONDITIONER    ,90
89,Dyson Vacuum,$175,Mar  8,DYSON VACUUM, CENTRAL VACUUM CLEANER   ,86
90,Admiral Dryer,$125,Feb 29,ADMIRAL DRYER, HAIR DRYER    ,78
91,"Classic Metal and glass dome hanging chandelier, light fixture, hung i",$110,Mar  2,CLASSIC METAL AND GLASS DOME HANGING CHANDELIER  LIGHT FIXTURE  HUNG I, LIGHT FIXTURE    ,90
92,Vintage Pioneer CS-607 Speakers,$150,Mar  2,VINTAGE PIONEER CS     SPEAKERS,SPEAKER     ,90
93,Washer&dryer,$100,Mar  8,WASHER DRYER,WASHER   DRYER,95
94,LG Gas Dryer,$200,Mar 14,LG GAS DRYER, COMBO WASHER DRYER   ,86
95,Vol meter,$105,Mar 14,VOL METER, OIL HEATER    ,74
96,"Golden color and glass hanging chandelier light fixture, needs cleanin",$65,Mar 16,GOLDEN COLOR AND GLASS HANGING CHANDELIER LIGHT FIXTURE  NEEDS CLEANIN, LIGHT FIXTURE    ,90
97,"New Medline brand lubricant jelly, home health, medical, home, and aut",$20,Mar 24,NEW MEDLINE BRAND LUBRICANT JELLY  HOME HEALTH  MEDICAL  HOME  AND AUT, HOME SERVER    ,86
98,"100% Stainless steel lemon press, juicer like new, heavy, durable",$15,Mar 27,     STAINLESS STEEL LEMON PRESS  JUICER LIKE NEW  HEAVY  DURABLE,COLD PRESSED JUICER   ,86
99,Gas Clothes Dryer,$50,Mar 30,GAS CLOTHES DRYER, CLOTHES DRYER    ,95
100,Frigidaire mini fridge with freezer,$120,Apr 12,FRIGIDAIRE MINI FRIDGE WITH FREEZER, FREEZER     ,90
101,"Large Hamilton 8 quart crock pot, good  used condition, needs to be cl",$20,Apr  3,LARGE HAMILTON   QUART CROCK POT  GOOD  USED CONDITION  NEEDS TO BE CL, GO TO BED MATCHBOX    ,86
102,Stove,$200,Apr 11,STOVE, KITCHEN STOVE ,90
103,Stove,$200,Apr 12,STOVE, KITCHEN STOVE ,90
104,Stove,$200,Apr 13,STOVE, KITCHEN STOVE ,90
105,"Indoor ceiling fan with 4 blown glass light fixtures, white with polis",$35,Apr 14,INDOOR CEILING FAN WITH   BLOWN GLASS LIGHT FIXTURES  WHITE WITH POLIS, CEILING FAN    ,90
106,Signs and Printing For (Appliance Stores and More),$100,Apr 12,SIGNS AND PRINTING FOR  APPLIANCE STORES AND MORE , APPLIANCE PLUG    ,86
107,Used Frigidaire Affinity Front Load Washer or Electric Dryer,$200,Apr 14,USED FRIGIDAIRE AFFINITY FRONT LOAD WASHER OR ELECTRIC DRYER, CLOTHES DRYER    ,86
108,Gowise pressure cooker - instant pot 8 qt,$45,Mar 12,GOWISE PRESSURE COOKER   INSTANT POT   QT, PRESSURE COOKER     ,90
109,Dryer/ Washer,$200,Apr 10,DRYER  WASHER, COMBO WASHER DRYER   ,95
110,"XL Electric Fryer, Steam and Boil",$60,Mar 10,XL ELECTRIC FRYER  STEAM AND BOIL, DEEP FRYER    ,86
111,Everstar Mixer - New,$40,Mar  8,EVERSTAR MIXER   NEW,MIXER    ,90
112,"Refregertor, Dishwasher, Cooking Range",$1,Mar 19,REFREGERTOR  DISHWASHER  COOKING RANGE, DISHWASHER     ,90
113,"Refregertor, Dishwasher, Cooking Range",$2,Mar 19,REFREGERTOR  DISHWASHER  COOKING RANGE, DISHWASHER     ,90
114,Shark Steam Mop,$45,Apr  1,SHARK STEAM MOP, STEAM MOP    ,90
115,Refrigerator. Side by side.,$180,Mar 26,REFRIGERATOR  SIDE BY SIDE , REFRIGERATOR     ,90
116,Panasonic Microwave,$80,Apr  2,PANASONIC MICROWAVE, MICROWAVE OVEN    ,74
117,Appliance pickup,$0,Mar 29,APPLIANCE PICKUP, APPLIANCE PLUG    ,80
119,Refridgerator,$275,Mar  6,REFRIDGERATOR, REFRIGERATOR     ,96
